brand,price
Roadster,606
Roadster,606
HRX by Hrithik Roshan,629
Mast & Harbour,645
HRX by Hrithik Roshan,664
HERE&NOW,666
HERE&NOW,717
Roadster,761
Anouk,764
Roadster,767
Provogue,773
Killer,839
HRX by Hrithik Roshan,899
HRX by Hrithik Roshan,899
INVICTUS,910
Anouk,989
Mochi,995
Mochi,995
Roadster,998
HRX by Hrithik Roshan,999
HRX by Hrithik Roshan,999
HRX by Hrithik Roshan,999
AfroJack,999
HRX by Hrithik Roshan,999
UNDERROUTE,999
HRX by Hrithik Roshan,1034
Campus,1101
Campus,1101
HRX by Hrithik Roshan,1117
HRX by Hrithik Roshan,1117
U.S. Polo Assn.,1199
House of Pataudi,1241
Metro,1245
House of Pataudi,1259
HRX by Hrithik Roshan,1279
NEEMANS,1319
House of Pataudi,1364
Columbus,1379
Columbus,1379
Metro,1494
Metro,1494
House of Pataudi,1518
HRX by Hrithik Roshan,1563
HRX by Hrithik Roshan,1563
ADIDAS,1649
House of Pataudi,1677
Puma,1889
ADIDAS,1999
Puma,2099
ASICS,2499
